node_id	name	chrom	haplotype	start	stop	cn
1	cell_1	chr1	1	1	248956422	1
1	cell_1	chr1	2	1	248956422	1
1	cell_1	chr2	1	1	242193529	1
1	cell_1	chr2	2	1	242193529	1
1	cell_1	chr3	1	1	198295559	1
1	cell_1	chr3	2	1	198295559	1
1	cell_1	chr4	1	1	190214555	1
1	cell_1	chr4	2	1	190214555	1
1	cell_1	chr5	1	1	121149763	1
1	cell_1	chr5	1	121149764	121291060	0
1	cell_1	chr5	1	121291061	181538259	1
1	cell_1	chr5	2	1	181538259	1
1	cell_1	chr6	1	1	170805979	1
1	cell_1	chr6	2	1	170805979	1
1	cell_1	chr7	1	1	159345973	1
1	cell_1	chr7	2	1	159345973	1
1	cell_1	chr8	1	1	145138636	1
1	cell_1	chr8	2	1	145138636	1
1	cell_1	chr9	1	1	138394717	1
1	cell_1	chr9	2	1	138394717	1
1	cell_1	chr10	1	1	133797422	1
1	cell_1	chr10	2	1	133797422	1
1	cell_1	chr11	1	1	135086622	1
1	cell_1	chr11	2	1	135086622	1
1	cell_1	chr12	1	1	133275309	1
1	cell_1	chr12	2	1	133275309	1
1	cell_1	chr13	1	1	114364328	1
1	cell_1	chr13	2	1	114364328	1
1	cell_1	chr14	1	1	107043718	1
1	cell_1	chr14	2	1	107043718	1
1	cell_1	chr15	1	1	101991189	1
1	cell_1	chr15	2	1	101991189	1
1	cell_1	chr16	1	1	10136450	1
1	cell_1	chr16	1	10136451	10536939	2
1	cell_1	chr16	1	10536940	90338345	1
1	cell_1	chr16	2	1	90338345	1
1	cell_1	chr17	1	1	83257441	1
1	cell_1	chr17	2	1	83257441	1
1	cell_1	chr18	1	1	80373285	1
1	cell_1	chr18	2	1	80373285	1
1	cell_1	chr19	1	1	58617616	1
1	cell_1	chr19	2	1	58617616	1
1	cell_1	chr20	1	1	64444167	1
1	cell_1	chr20	2	1	64444167	1
1	cell_1	chr21	1	1	46709983	1
1	cell_1	chr21	2	1	18648316	2
1	cell_1	chr21	2	18648317	46709983	1
1	cell_1	chr22	1	1	50818468	1
1	cell_1	chr22	2	1	50818468	1
1	cell_1	chrX	1	1	156040895	1
1	cell_1	chrX	2	1	13859236	1
1	cell_1	chrX	2	13859237	15172596	0
1	cell_1	chrX	2	15172597	156040895	1
2	cell_2	chr1	1	1	248956422	2
2	cell_2	chr1	2	1	248956422	2
2	cell_2	chr2	1	1	242193529	2
2	cell_2	chr2	2	1	242193529	2
2	cell_2	chr3	1	1	198295559	2
2	cell_2	chr3	2	1	198295559	2
2	cell_2	chr4	1	1	190214555	2
2	cell_2	chr4	2	1	190214555	2
2	cell_2	chr5	1	1	121149763	2
2	cell_2	chr5	1	121149764	121291060	0
2	cell_2	chr5	1	121291061	181538259	2
2	cell_2	chr5	2	1	181538259	2
2	cell_2	chr6	1	1	170805979	2
2	cell_2	chr6	2	1	170805979	2
2	cell_2	chr7	1	1	159345973	2
2	cell_2	chr7	2	1	159345973	2
2	cell_2	chr8	1	1	145138636	2
2	cell_2	chr8	2	1	145138636	2
2	cell_2	chr9	1	1	138394717	2
2	cell_2	chr9	2	1	138394717	2
2	cell_2	chr10	1	1	133797422	2
2	cell_2	chr10	2	1	133797422	2
2	cell_2	chr11	1	1	135086622	2
2	cell_2	chr11	2	1	53548357	2
2	cell_2	chr11	2	53548358	53735470	0
2	cell_2	chr11	2	53735471	135086622	2
2	cell_2	chr12	1	1	133275309	2
2	cell_2	chr12	2	1	133275309	2
2	cell_2	chr13	1	1	114364328	2
2	cell_2	chr13	2	1	114364328	2
2	cell_2	chr14	1	1	107043718	2
2	cell_2	chr14	2	1	107043718	2
2	cell_2	chr15	1	1	101991189	2
2	cell_2	chr15	2	1	101991189	2
2	cell_2	chr16	1	1	10136450	2
2	cell_2	chr16	1	10136451	10536939	4
2	cell_2	chr16	1	10536940	90338345	2
2	cell_2	chr16	2	1	18480501	2
2	cell_2	chr16	2	18480502	35254872	4
2	cell_2	chr16	2	35254873	90338345	2
2	cell_2	chr17	1	1	83257441	2
2	cell_2	chr17	2	1	83257441	2
2	cell_2	chr18	1	1	80373285	2
2	cell_2	chr18	2	1	80373285	2
2	cell_2	chr19	1	1	58617616	2
2	cell_2	chr19	2	1	58617616	2
2	cell_2	chr20	1	1	64444167	2
2	cell_2	chr20	2	1	64444167	2
2	cell_2	chr21	1	1	46709983	2
2	cell_2	chr21	2	1	18648316	4
2	cell_2	chr21	2	18648317	46709983	2
2	cell_2	chr22	1	1	50818468	2
2	cell_2	chr22	2	1	50818468	2
2	cell_2	chrX	1	1	156040895	2
2	cell_2	chrX	2	1	13859236	2
2	cell_2	chrX	2	13859237	15172596	0
2	cell_2	chrX	2	15172597	156040895	2
3	cell_3	chr1	1	1	248956422	1
3	cell_3	chr1	2	1	248956422	1
3	cell_3	chr2	1	1	242193529	1
3	cell_3	chr2	2	1	242193529	1
3	cell_3	chr3	1	1	198295559	1
3	cell_3	chr3	2	1	198295559	1
3	cell_3	chr4	1	1	190214555	1
3	cell_3	chr4	2	1	190214555	1
3	cell_3	chr5	1	1	121149763	1
3	cell_3	chr5	1	121149764	121291060	0
3	cell_3	chr5	1	121291061	181538259	1
3	cell_3	chr5	2	1	181538259	1
3	cell_3	chr6	1	1	170805979	1
3	cell_3	chr6	2	1	10885363	1
3	cell_3	chr6	2	10885364	16839032	2
3	cell_3	chr6	2	16839033	170805979	1
3	cell_3	chr7	1	1	159345973	1
3	cell_3	chr7	2	1	159345973	1
3	cell_3	chr8	1	1	145138636	1
3	cell_3	chr8	2	1	145138636	1
3	cell_3	chr9	1	1	138394717	1
3	cell_3	chr9	2	1	138394717	1
3	cell_3	chr10	1	1	70350500	1
3	cell_3	chr10	1	70350501	71144530	0
3	cell_3	chr10	1	71144531	133797422	1
3	cell_3	chr10	2	1	133797422	1
3	cell_3	chr11	1	1	135086622	1
3	cell_3	chr11	2	1	135086622	1
3	cell_3	chr12	1	1	133275309	1
3	cell_3	chr12	2	1	133275309	1
3	cell_3	chr13	1	1	114364328	1
3	cell_3	chr13	2	1	114364328	1
3	cell_3	chr14	1	1	107043718	1
3	cell_3	chr14	2	1	107043718	1
3	cell_3	chr15	1	1	101991189	1
3	cell_3	chr15	2	1	101991189	1
3	cell_3	chr16	1	1	10136450	1
3	cell_3	chr16	1	10136451	10536939	2
3	cell_3	chr16	1	10536940	90338345	1
3	cell_3	chr16	2	1	90338345	1
3	cell_3	chr17	1	1	83257441	1
3	cell_3	chr17	2	1	83257441	1
3	cell_3	chr18	1	1	80373285	1
3	cell_3	chr18	2	1	80373285	1
3	cell_3	chr19	1	1	58617616	1
3	cell_3	chr19	2	1	58617616	1
3	cell_3	chr20	1	1	64444167	1
3	cell_3	chr20	2	1	64444167	1
3	cell_3	chr21	1	1	46709983	1
3	cell_3	chr21	2	1	18648316	2
3	cell_3	chr21	2	18648317	46709983	1
3	cell_3	chr22	1	1	50818468	1
3	cell_3	chr22	2	1	50818468	1
3	cell_3	chrX	1	1	156040895	1
3	cell_3	chrX	2	1	13859236	1
3	cell_3	chrX	2	13859237	15172596	0
3	cell_3	chrX	2	15172597	156040895	1
4	cell_4	chr1	1	1	248956422	2
4	cell_4	chr1	2	1	248956422	2
4	cell_4	chr2	1	1	242193529	2
4	cell_4	chr2	2	1	242193529	2
4	cell_4	chr3	1	1	198295559	2
4	cell_4	chr3	2	1	198295559	2
4	cell_4	chr4	1	1	190214555	2
4	cell_4	chr4	2	1	190214555	2
4	cell_4	chr5	1	1	121149763	2
4	cell_4	chr5	1	121149764	121291060	0
4	cell_4	chr5	1	121291061	181538259	2
4	cell_4	chr5	2	1	181538259	2
4	cell_4	chr6	1	1	170805979	2
4	cell_4	chr6	2	1	170805979	2
4	cell_4	chr7	1	1	159345973	2
4	cell_4	chr7	2	1	159345973	2
4	cell_4	chr8	1	1	145138636	2
4	cell_4	chr8	2	1	145138636	2
4	cell_4	chr9	1	1	138394717	2
4	cell_4	chr9	2	1	138394717	2
4	cell_4	chr10	1	1	133797422	2
4	cell_4	chr10	2	1	133797422	2
4	cell_4	chr11	1	1	135086622	2
4	cell_4	chr11	2	1	53548357	2
4	cell_4	chr11	2	53548358	53735470	0
4	cell_4	chr11	2	53735471	135086622	2
4	cell_4	chr12	1	1	133275309	2
4	cell_4	chr12	2	1	133275309	2
4	cell_4	chr13	1	1	114364328	2
4	cell_4	chr13	2	1	114364328	2
4	cell_4	chr14	1	1	107043718	2
4	cell_4	chr14	2	1	107043718	2
4	cell_4	chr15	1	1	101991189	2
4	cell_4	chr15	2	1	101991189	2
4	cell_4	chr16	1	1	10136450	2
4	cell_4	chr16	1	10136451	10536939	4
4	cell_4	chr16	1	10536940	90338345	2
4	cell_4	chr16	2	1	18480501	2
4	cell_4	chr16	2	18480502	35254872	4
4	cell_4	chr16	2	35254873	90338345	2
4	cell_4	chr17	1	1	83257441	2
4	cell_4	chr17	2	1	83257441	2
4	cell_4	chr18	1	1	80373285	2
4	cell_4	chr18	2	1	80373285	2
4	cell_4	chr19	1	1	58617616	2
4	cell_4	chr19	2	1	58617616	2
4	cell_4	chr20	1	1	64444167	2
4	cell_4	chr20	2	1	64444167	2
4	cell_4	chr21	1	1	46709983	2
4	cell_4	chr21	2	1	18648316	4
4	cell_4	chr21	2	18648317	46709983	2
4	cell_4	chr22	1	1	50818468	2
4	cell_4	chr22	2	1	50818468	2
4	cell_4	chrX	1	1	156040895	2
4	cell_4	chrX	2	1	13859236	2
4	cell_4	chrX	2	13859237	15172596	0
4	cell_4	chrX	2	15172597	156040895	2
5	cell_5	chr1	1	1	248956422	2
5	cell_5	chr1	2	1	248956422	2
5	cell_5	chr2	1	1	242193529	2
5	cell_5	chr2	2	1	242193529	2
5	cell_5	chr3	1	1	198295559	2
5	cell_5	chr3	2	1	198295559	2
5	cell_5	chr4	1	1	190214555	2
5	cell_5	chr4	2	1	190214555	2
5	cell_5	chr5	1	1	121149763	2
5	cell_5	chr5	1	121149764	121291060	0
5	cell_5	chr5	1	121291061	181538259	2
5	cell_5	chr5	2	1	181538259	2
5	cell_5	chr6	1	1	170805979	2
5	cell_5	chr6	2	1	170805979	2
5	cell_5	chr7	1	1	29271665	2
5	cell_5	chr7	1	29271666	32130998	3
5	cell_5	chr7	1	32130999	159345973	2
5	cell_5	chr7	2	1	159345973	2
5	cell_5	chr8	1	1	145138636	2
5	cell_5	chr8	2	1	145138636	2
5	cell_5	chr9	1	1	138394717	2
5	cell_5	chr9	2	1	138394717	2
5	cell_5	chr10	1	1	133797422	2
5	cell_5	chr10	2	1	133797422	2
5	cell_5	chr11	1	1	135086622	2
5	cell_5	chr11	2	1	53548357	2
5	cell_5	chr11	2	53548358	53735470	0
5	cell_5	chr11	2	53735471	135086622	2
5	cell_5	chr12	1	1	133275309	2
5	cell_5	chr12	2	1	133275309	2
5	cell_5	chr13	1	1	114364328	2
5	cell_5	chr13	2	1	114364328	2
5	cell_5	chr14	1	1	107043718	2
5	cell_5	chr14	2	1	107043718	2
5	cell_5	chr15	1	1	101991189	2
5	cell_5	chr15	2	1	101991189	2
5	cell_5	chr16	1	1	10136450	2
5	cell_5	chr16	1	10136451	10536939	4
5	cell_5	chr16	1	10536940	90338345	2
5	cell_5	chr16	2	1	18480501	2
5	cell_5	chr16	2	18480502	35254872	4
5	cell_5	chr16	2	35254873	90338345	2
5	cell_5	chr17	1	1	83257441	2
5	cell_5	chr17	2	1	83257441	2
5	cell_5	chr18	1	1	80373285	2
5	cell_5	chr18	2	1	80373285	2
5	cell_5	chr19	1	1	58617616	2
5	cell_5	chr19	2	1	58617616	2
5	cell_5	chr20	1	1	64444167	2
5	cell_5	chr20	2	1	64444167	2
5	cell_5	chr21	1	1	46709983	2
5	cell_5	chr21	2	1	18648316	4
5	cell_5	chr21	2	18648317	46709983	2
5	cell_5	chr22	1	1	50818468	2
5	cell_5	chr22	2	1	50818468	2
5	cell_5	chrX	1	1	156040895	2
5	cell_5	chrX	2	1	13859236	2
5	cell_5	chrX	2	13859237	15172596	0
5	cell_5	chrX	2	15172597	156040895	2
6	cell_6	chr1	1	1	248956422	1
6	cell_6	chr1	2	1	248956422	1
6	cell_6	chr2	1	1	242193529	1
6	cell_6	chr2	2	1	242193529	1
6	cell_6	chr3	1	1	198295559	1
6	cell_6	chr3	2	1	198295559	1
6	cell_6	chr4	1	1	190214555	1
6	cell_6	chr4	2	1	190214555	1
6	cell_6	chr5	1	1	121149763	1
6	cell_6	chr5	1	121149764	121291060	0
6	cell_6	chr5	1	121291061	181538259	1
6	cell_6	chr5	2	1	181538259	1
6	cell_6	chr6	1	1	170805979	1
6	cell_6	chr6	2	1	10885363	1
6	cell_6	chr6	2	10885364	16839032	2
6	cell_6	chr6	2	16839033	149508334	1
6	cell_6	chr6	2	149508335	149873197	2
6	cell_6	chr6	2	149873198	170805979	1
6	cell_6	chr7	1	1	159345973	1
6	cell_6	chr7	2	1	159345973	1
6	cell_6	chr8	1	1	145138636	1
6	cell_6	chr8	2	1	145138636	1
6	cell_6	chr9	1	1	138394717	1
6	cell_6	chr9	2	1	138394717	1
6	cell_6	chr10	1	1	70350500	1
6	cell_6	chr10	1	70350501	71144530	0
6	cell_6	chr10	1	71144531	133797422	1
6	cell_6	chr10	2	1	133797422	1
6	cell_6	chr11	1	1	135086622	1
6	cell_6	chr11	2	1	135086622	1
6	cell_6	chr12	1	1	133275309	1
6	cell_6	chr12	2	1	133275309	1
6	cell_6	chr13	1	1	114364328	1
6	cell_6	chr13	2	1	114364328	1
6	cell_6	chr14	1	1	107043718	1
6	cell_6	chr14	2	1	107043718	1
6	cell_6	chr15	1	1	101991189	1
6	cell_6	chr15	2	1	101991189	1
6	cell_6	chr16	1	1	10136450	1
6	cell_6	chr16	1	10136451	10536939	2
6	cell_6	chr16	1	10536940	90338345	1
6	cell_6	chr16	2	1	90338345	1
6	cell_6	chr17	1	1	83257441	1
6	cell_6	chr17	2	1	83257441	1
6	cell_6	chr18	1	1	80373285	1
6	cell_6	chr18	2	1	80373285	1
6	cell_6	chr19	1	1	58617616	1
6	cell_6	chr19	2	1	58617616	1
6	cell_6	chr20	1	1	64444167	1
6	cell_6	chr20	2	1	64444167	1
6	cell_6	chr21	1	1	46709983	1
6	cell_6	chr21	2	1	18648316	2
6	cell_6	chr21	2	18648317	46709983	1
6	cell_6	chr22	1	1	50818468	1
6	cell_6	chr22	2	1	50818468	1
6	cell_6	chrX	1	1	156040895	1
6	cell_6	chrX	2	1	13859236	1
6	cell_6	chrX	2	13859237	15172596	0
6	cell_6	chrX	2	15172597	156040895	1
7	cell_7	chr1	1	1	248956422	1
7	cell_7	chr1	2	1	248956422	1
7	cell_7	chr2	1	1	18511034	1
7	cell_7	chr2	1	18511035	18711196	0
7	cell_7	chr2	1	18711197	242193529	1
7	cell_7	chr2	2	1	242193529	1
7	cell_7	chr3	1	1	198295559	1
7	cell_7	chr3	2	1	198295559	1
7	cell_7	chr4	1	1	190214555	1
7	cell_7	chr4	2	1	190214555	1
7	cell_7	chr5	1	1	121149763	1
7	cell_7	chr5	1	121149764	121291060	0
7	cell_7	chr5	1	121291061	181538259	1
7	cell_7	chr5	2	1	181538259	1
7	cell_7	chr6	1	1	170805979	1
7	cell_7	chr6	2	1	10885363	1
7	cell_7	chr6	2	10885364	16839032	2
7	cell_7	chr6	2	16839033	170805979	1
7	cell_7	chr7	1	1	159345973	1
7	cell_7	chr7	2	1	159345973	1
7	cell_7	chr8	1	1	145138636	1
7	cell_7	chr8	2	1	145138636	1
7	cell_7	chr9	1	1	138394717	1
7	cell_7	chr9	2	1	138394717	1
7	cell_7	chr10	1	1	70350500	1
7	cell_7	chr10	1	70350501	71144530	0
7	cell_7	chr10	1	71144531	133797422	1
7	cell_7	chr10	2	1	133797422	1
7	cell_7	chr11	1	1	135086622	1
7	cell_7	chr11	2	1	135086622	1
7	cell_7	chr12	1	1	133275309	1
7	cell_7	chr12	2	1	133275309	1
7	cell_7	chr13	1	1	114364328	1
7	cell_7	chr13	2	1	114364328	1
7	cell_7	chr14	1	1	107043718	1
7	cell_7	chr14	2	1	107043718	1
7	cell_7	chr15	1	1	101991189	1
7	cell_7	chr15	2	1	101991189	1
7	cell_7	chr16	1	1	10136450	1
7	cell_7	chr16	1	10136451	10536939	2
7	cell_7	chr16	1	10536940	90338345	1
7	cell_7	chr16	2	1	90338345	1
7	cell_7	chr17	1	1	83257441	1
7	cell_7	chr17	2	1	83257441	1
7	cell_7	chr18	1	1	80373285	1
7	cell_7	chr18	2	1	80373285	1
7	cell_7	chr19	1	1	58617616	1
7	cell_7	chr19	2	1	58617616	1
7	cell_7	chr20	1	1	64444167	1
7	cell_7	chr20	2	1	64444167	1
7	cell_7	chr21	1	1	46709983	1
7	cell_7	chr21	2	1	18648316	2
7	cell_7	chr21	2	18648317	46709983	1
7	cell_7	chr22	1	1	50818468	1
7	cell_7	chr22	2	1	50818468	1
7	cell_7	chrX	1	1	156040895	1
7	cell_7	chrX	2	1	13859236	1
7	cell_7	chrX	2	13859237	15172596	0
7	cell_7	chrX	2	15172597	156040895	1
